idx,premiseID,time,dailyDelivered,Temp
0,16206,2019-01-01 00:00:00,13114.5525,5.541666667
1,16206,2019-01-02 00:00:00,13111.0875,19.23791667
2,16206,2019-01-03 00:00:00,13131.5625,32.9275
3,16206,2019-01-04 00:00:00,13136.76,39.55958333
4,16206,2019-01-05 00:00:00,13140.0675,41.17291667
5,16206,2019-01-06 00:00:00,13146.21,40.68541667
6,16206,2019-01-07 00:00:00,13033.125,39.69208333
7,16206,2019-01-08 00:00:00,12929.3325,32.37166667
8,16206,2019-01-09 00:00:00,18382.2975,30.22
9,16206,2019-01-10 00:00:00,18546.255,42.04625
10,16206,2019-01-11 00:00:00,19773.18,36.99333333
11,16206,2019-01-12 00:00:00,19760.265,34.28916667
12,16206,2019-01-13 00:00:00,19745.46,28.33375
13,16206,2019-01-14 00:00:00,19484.64,30.34291667
14,16206,2019-01-15 00:00:00,19730.8125,32.88291667
15,16206,2019-01-16 00:00:00,19724.1975,36.28666667
16,16206,2019-01-17 00:00:00,19741.05,39.3575
17,16206,2019-01-18 00:00:00,18926.3025,35.46166667
18,16206,2019-01-19 00:00:00,19695.8475,33.01375
19,16206,2019-01-20 00:00:00,19713.8025,37.18
20,16206,2019-01-21 00:00:00,19701.36,33.635
21,16206,2019-01-22 00:00:00,19710.495,26.48083333
22,16206,2019-01-23 00:00:00,19699.6275,26.96458333
23,16206,2019-01-24 00:00:00,16456.86,22.56791667
24,16206,2019-01-25 00:00:00,18747.225,24.27875
25,16206,2019-01-26 00:00:00,19712.5425,31.42875
26,16206,2019-01-27 00:00:00,19747.5075,40.5775
27,16206,2019-01-28 00:00:00,18840.6225,26.69666667
28,16206,2019-01-29 00:00:00,19660.095,20.67083333
29,16206,2019-01-30 00:00:00,19671.5925,24.46041667
30,16206,2019-01-31 00:00:00,19681.2,34.40791667
31,16206,2019-02-01 00:00:00,19710.18,38.07875
32,16206,2019-02-02 00:00:00,19728.9225,40.39875
33,16206,2019-02-03 00:00:00,19764.5175,43.30208333
34,16206,2019-02-04 00:00:00,19720.89,35.50458333
35,16206,2019-02-05 00:00:00,19704.195,27.60916667
36,16206,2019-02-06 00:00:00,19675.53,13.45416667
37,16206,2019-02-07 00:00:00,19674.7425,1.414166667
38,16206,2019-02-08 00:00:00,19674.9,11.32166667
39,16206,2019-02-09 00:00:00,19677.2625,21.4175
40,16206,2019-02-10 00:00:00,19677.2625,21.34916667
41,16206,2019-02-11 00:00:00,19698.9975,22.09625
42,16206,2019-02-12 00:00:00,19723.8825,37.09166667
43,16206,2019-02-13 00:00:00,19769.2425,44.8775
44,16206,2019-02-14 00:00:00,19607.49,41.29041667
45,16206,2019-02-15 00:00:00,18611.6175,34.2275
46,16206,2019-02-16 00:00:00,19676.6325,28.845
47,16206,2019-02-17 00:00:00,19678.05,22.41416667
48,16206,2019-02-18 00:00:00,19669.7025,12.2325
49,16206,2019-02-19 00:00:00,19680.255,15.53958333
50,16206,2019-02-20 00:00:00,19461.1725,21.57875
51,16206,2019-02-21 00:00:00,19296.9,22.43
52,16206,2019-02-22 00:00:00,19183.6575,21.7975
53,16206,2019-02-23 00:00:00,19313.4375,30.46666667
54,16206,2019-02-24 00:00:00,19338.0075,33.85166667
55,16206,2019-02-25 00:00:00,19340.055,28.58541667
56,16206,2019-02-26 00:00:00,19351.395,31.02625
57,16206,2019-02-27 00:00:00,19344.15,22.64083333
58,16206,2019-02-28 00:00:00,19374.8625,35.29375
59,16206,2019-03-01 00:00:00,19390.14,37.61541667
60,16206,2019-03-02 00:00:00,19367.46,17.79916667
61,16206,2019-03-03 00:00:00,17891.2125,0.18375
62,16206,2019-03-04 00:00:00,18431.7525,3.1125
63,16206,2019-03-05 00:00:00,17757.6525,14.7025
64,16206,2019-03-06 00:00:00,18519.9525,29.39291667
65,16206,2019-03-07 00:00:00,16763.1975,30.60708333
66,16206,2019-03-08 00:00:00,15638.0175,36.29458333
67,16206,2019-03-09 00:00:00,15640.5375,40.21208333
68,16206,2019-03-10 00:00:00,14952.34125,35.9573913
69,16206,2019-03-11 00:00:00,15627.9375,37.30833333
70,16206,2019-03-12 00:00:00,15431.85,44.02791667
71,16206,2019-03-13 00:00:00,6774.390000000009,35.18
72,16206,2019-03-14 00:00:00,152.3025,31.72791667
73,16206,2019-03-15 00:00:00,147.8925,31.16375
74,16206,2019-03-16 00:00:00,122.22,35.76583333
75,16206,2019-03-17 00:00:00,103.1625,39.13583333
76,16206,2019-03-18 00:00:00,92.45249999999979,38.30875
77,16206,2019-03-19 00:00:00,6235.425,39.6175
78,16206,2019-03-20 00:00:00,10277.19,42.24833333
79,16206,2019-03-21 00:00:00,10267.11,44.19541667
80,16206,2019-03-22 00:00:00,10235.1375,43.82
81,16206,2019-03-23 00:00:00,10230.255,45.04333333
82,16206,2019-03-24 00:00:00,10231.0425,43.84958333
83,16206,2019-03-25 00:00:00,10246.4775,47.17375
84,16206,2019-03-26 00:00:00,10259.865,48.32
85,16206,2019-03-27 00:00:00,10287.585,55.97958333
86,16206,2019-03-28 00:00:00,10250.73,47.86541667
87,16206,2019-03-29 00:00:00,10188.36,37.65416667
88,16206,2019-03-30 00:00:00,10185.21,35.94083333
89,16206,2019-03-31 00:00:00,10199.7,38.62125
90,16206,2019-04-01 00:00:00,10224.1125,43.80875
91,16206,2019-04-02 00:00:00,10224.9,44.22625
92,16206,2019-04-03 00:00:00,10246.32,49.00541667
93,16206,2019-04-04 00:00:00,10265.22,51.07708333
94,16206,2019-04-05 00:00:00,10289.16,57.47125
95,16206,2019-04-06 00:00:00,10296.72,56.83208333
96,16206,2019-04-07 00:00:00,10284.2775,56.68958333
97,16206,2019-04-08 00:00:00,10339.7175,62.735
98,16206,2019-04-09 00:00:00,10326.33,61.41458333
99,16206,2019-04-10 00:00:00,7658.75250000001,36.62666667
100,16206,2019-04-11 00:00:00,6302.0475,32.38458333
101,16206,2019-04-12 00:00:00,10180.0125,32.70083333
102,16206,2019-04-13 00:00:00,10185.6825,35.69666667
103,16206,2019-04-14 00:00:00,10243.485,46.31375
104,16206,2019-04-15 00:00:00,10275.4575,55.48583333
105,16206,2019-04-16 00:00:00,10278.135,51.91708333
106,16206,2019-04-17 00:00:00,10293.4125,54.95666667
107,16206,2019-04-18 00:00:00,10273.095,52.58833333
108,16206,2019-04-19 00:00:00,10304.91,57.43291667
109,16206,2019-04-20 00:00:00,10326.1725,61.84583333
110,16206,2019-04-21 00:00:00,10336.2525,58.04666667
111,16206,2019-04-22 00:00:00,10243.17,44.92416667
112,16206,2019-04-23 00:00:00,10289.79,53.66583333
113,16206,2019-04-24 00:00:00,10314.36,60.1625
114,16206,2019-04-25 00:00:00,10309.4775,56.91291667
115,16206,2019-04-26 00:00:00,10307.2725,57.73916667
116,16206,2019-04-27 00:00:00,10304.1225,55.54208333
117,16206,2019-04-28 00:00:00,10280.655,55.39625
118,16206,2019-04-29 00:00:00,10194.1875,32.46833333
119,16206,2019-04-30 00:00:00,10193.5575,32.26458333
120,16206,2019-05-01 00:00:00,10220.9625,40.02833333
121,16206,2019-05-02 00:00:00,10259.7075,46.69291667
122,16206,2019-05-03 00:00:00,10291.05,54.19083333
123,16206,2019-05-04 00:00:00,10315.7775,56.90375
124,16206,2019-05-05 00:00:00,10340.9775,62.16791667
125,16206,2019-05-06 00:00:00,10333.89,57.53583333
126,16206,2019-05-07 00:00:00,10257.345,46.28166667
127,16206,2019-05-08 00:00:00,10233.5625,44.34916667
128,16206,2019-05-09 00:00:00,10200.015,36.68916667
129,16206,2019-05-10 00:00:00,10247.58,44.32166667
130,16206,2019-05-11 00:00:00,10269.0,49.2375
131,16206,2019-05-12 00:00:00,10320.975,58.22416667
132,16206,2019-05-13 00:00:00,10355.1525,64.22333333
133,16206,2019-05-14 00:00:00,10360.35,64.99041667
134,16206,2019-05-15 00:00:00,10374.3675,66.92416667
135,16206,2019-05-16 00:00:00,10393.425,67.44375
136,16206,2019-05-17 00:00:00,10329.165,56.24875
137,16206,2019-05-18 00:00:00,10283.805,52.00458333
138,16206,2019-05-19 00:00:00,10239.5475,42.92125
139,16206,2019-05-20 00:00:00,10213.4025,36.885
140,16206,2019-05-21 00:00:00,10211.5125,37.33875
141,16206,2019-05-22 00:00:00,10247.58,43.18375
142,16206,2019-05-23 00:00:00,10239.2325,42.05041667
143,16206,2019-05-24 00:00:00,10311.6825,55.69833333
144,16206,2019-05-25 00:00:00,10339.875,59.22083333
145,16206,2019-05-26 00:00:00,10386.18,61.76791667
146,16206,2019-05-27 00:00:00,10340.0325,55.60541667
147,16206,2019-05-28 00:00:00,9911.0025,49.62083333
148,16206,2019-05-29 00:00:00,9597.2625,52.74666667
149,16206,2019-05-30 00:00:00,9612.697499999991,57.65958333
150,16206,2019-05-31 00:00:00,9639.315,60.9375
151,16206,2019-06-01 00:00:00,9663.25499999999,62.73416667
152,16206,2019-06-02 00:00:00,9663.72749999999,64.10541667
153,16206,2019-06-03 00:00:00,9664.83,64.23208333
154,16206,2019-06-04 00:00:00,9659.0025,66.25166667
155,16206,2019-06-05 00:00:00,9671.13,65.89291667
156,16206,2019-06-06 00:00:00,9678.8475,68.92583333
157,16206,2019-06-07 00:00:00,9687.9825,70.45791667
158,16206,2019-06-08 00:00:00,9677.5875,64.69791667
159,16206,2019-06-09 00:00:00,9627.81749999999,56.15416667
160,16206,2019-06-10 00:00:00,9648.134999999991,61.76
161,16206,2019-06-11 00:00:00,9672.705,64.6475
162,16206,2019-06-12 00:00:00,9687.982499999991,64.79833333
163,16206,2019-06-13 00:00:00,9681.68249999999,68.01
164,16206,2019-06-14 00:00:00,9708.1425,69.10333333
165,16206,2019-06-15 00:00:00,9702.1575,67.04708333
166,16206,2019-06-16 00:00:00,9701.8425,63.915
167,16206,2019-06-17 00:00:00,9678.2175,62.425
168,16206,2019-06-18 00:00:00,9490.635,59.25666667
169,16206,2019-06-19 00:00:00,9226.5075,67.99541667
170,16206,2019-06-20 00:00:00,9239.73749999999,67.79666667
171,16206,2019-06-21 00:00:00,9204.93,55.23083333
172,16206,2019-06-22 00:00:00,9162.09,51.81416667
173,16206,2019-06-23 00:00:00,9194.22,55.16625
174,16206,2019-06-24 00:00:00,9208.5525,65.43875
175,16206,2019-06-25 00:00:00,9255.96000000001,69.43666667
176,16206,2019-06-26 00:00:00,4340.7,70.50666667
177,16206,2019-06-27 00:00:00,894.2850000000011,72.22791667
178,16206,2019-06-28 00:00:00,944.369999999999,77.90166667
179,16206,2019-06-29 00:00:00,941.3775,80.33791667
180,16206,2019-06-30 00:00:00,925.1550000000011,74.00041667
181,16206,2019-07-01 00:00:00,912.3975,71.1975
182,16206,2019-07-02 00:00:00,901.215000000001,70.62916667
183,16206,2019-07-03 00:00:00,931.6125,74.40333333
184,16206,2019-07-04 00:00:00,908.775,69.6625
185,16206,2019-07-05 00:00:00,910.5075,68.04958333
186,16206,2019-07-06 00:00:00,907.042500000001,67.83083333
187,16206,2019-07-07 00:00:00,914.6025,70.4475
188,16206,2019-07-08 00:00:00,924.052499999999,70.72958333
189,16206,2019-07-09 00:00:00,933.345,72.68625
190,16206,2019-07-10 00:00:00,928.4625,68.66041667
191,16206,2019-07-11 00:00:00,971.145,76.72125
192,16206,2019-07-12 00:00:00,952.4025,76.52
193,16206,2019-07-13 00:00:00,953.6625,75.1975
194,16206,2019-07-14 00:00:00,952.245,76.41916667
195,16206,2019-07-15 00:00:00,947.52,73.51291667
196,16206,2019-07-16 00:00:00,952.0875,73.99208333
197,16206,2019-07-17 00:00:00,970.515,78.45708333
198,16206,2019-07-18 00:00:00,991.777500000001,80.55708333
199,16206,2019-07-19 00:00:00,993.8250000000011,82.23041667
200,16206,2019-07-20 00:00:00,948.6225,74.39916667
201,16206,2019-07-21 00:00:00,947.9925,70.17708333
202,16206,2019-07-22 00:00:00,945.1575,70.735
203,16206,2019-07-23 00:00:00,956.1825,73.9575
204,16206,2019-07-24 00:00:00,965.16,76.25041667
205,16206,2019-07-25 00:00:00,941.85,77.42291667
206,16206,2019-07-26 00:00:00,951.1425,75.83583333
207,16206,2019-07-27 00:00:00,948.9375,74.56541667
208,16206,2019-07-28 00:00:00,960.9075,77.81
209,16206,2019-07-29 00:00:00,960.435,74.89625
210,16206,2019-07-30 00:00:00,674.1,76.13833333
211,16206,2019-07-31 00:00:00,105.9975,77.18916667
212,16206,2019-08-01 00:00:00,104.4225,72.81
213,16206,2019-08-02 00:00:00,105.3675,75.585
214,16206,2019-08-03 00:00:00,106.3125,76.85541667
215,16206,2019-08-04 00:00:00,107.1,77.88833333
216,16206,2019-08-05 00:00:00,104.4225,75.06416667
217,16206,2019-08-06 00:00:00,105.9975,77.07416667
218,16206,2019-08-07 00:00:00,104.58,75.08791667
219,16206,2019-08-08 00:00:00,103.635,71.80125
220,16206,2019-08-09 00:00:00,105.0525,76.75583333
221,16206,2019-08-10 00:00:00,104.265,73.57291667
222,16206,2019-08-11 00:00:00,103.1625,70.5225
223,16206,2019-08-12 00:00:00,103.1625,75.21166667
224,16206,2019-08-13 00:00:00,86.30999999999979,72.57708333
225,16206,2019-08-14 00:00:00,74.97,71.42708333
226,16206,2019-08-15 00:00:00,72.6075,74.91416667
227,16206,2019-08-16 00:00:00,72.2925,69.7125
228,16206,2019-08-17 00:00:00,72.135,71.9275
229,16206,2019-08-18 00:00:00,71.82,68.45375
230,16206,2019-08-19 00:00:00,3224.97,78.52291667
231,16206,2019-08-20 00:00:00,11058.8625,78.81833333
232,16206,2019-08-21 00:00:00,11100.915,71.52125
233,16206,2019-08-22 00:00:00,12925.395,70.65208333
234,16206,2019-08-23 00:00:00,13678.245,71.01083333
235,16206,2019-08-24 00:00:00,13570.83,71.12291667
236,16206,2019-08-25 00:00:00,13446.8775,77.7975
237,16206,2019-08-26 00:00:00,13380.0975,68.88666667
238,16206,2019-08-27 00:00:00,13335.6825,64.63208333
239,16206,2019-08-28 00:00:00,13353.9525,70.01416667
240,16206,2019-08-29 00:00:00,13362.4575,73.48916667
241,16206,2019-08-30 00:00:00,13345.4475,67.24333333
242,16206,2019-08-31 00:00:00,13335.21,73.51166667
243,16206,2019-09-01 00:00:00,13343.085,77.14291667
244,16206,2019-09-02 00:00:00,13361.985,79.92375
245,16206,2019-09-03 00:00:00,15294.3525,74.42166667
246,16206,2019-09-04 00:00:00,16883.055,72.51666667
247,16206,2019-09-05 00:00:00,16892.82,78.90416667
248,16206,2019-09-06 00:00:00,16906.2075,69.98875
249,16206,2019-09-07 00:00:00,16876.755,73.00958333
250,16206,2019-09-08 00:00:00,16841.79,61.35333333
251,16206,2019-09-09 00:00:00,18466.590435,66.59208333
252,16206,2019-09-10 00:00:00,18926.038183,69.04958333
253,16206,2019-09-11 00:00:00,20021.715,63.86
254,16206,2019-09-12 00:00:00,3440.5875000000106,63.17291667
255,16206,2019-09-13 00:00:00,960.5925,61.8525
256,16206,2019-09-14 00:00:00,833.0175,67.48125
257,16206,2019-09-15 00:00:00,835.38,69.61
258,16206,2019-09-16 00:00:00,12786.165,73.46875
259,16206,2019-09-17 00:00:00,19372.9725,71.55375
260,16206,2019-09-18 00:00:00,19336.4325,63.62083333
261,16206,2019-09-19 00:00:00,19326.6675,66.52375
262,16206,2019-09-20 00:00:00,19330.92,68.645
263,16206,2019-09-21 00:00:00,19504.8,61.67375
264,16206,2019-09-22 00:00:00,19415.97,56.49333333
265,16206,2019-09-23 00:00:00,18731.0025,62.1475
266,16206,2019-09-24 00:00:00,19458.495,68.69416667
267,16206,2019-09-25 00:00:00,19449.99,63.97166667
268,16206,2019-09-26 00:00:00,19429.6725,61.21083333
269,16206,2019-09-27 00:00:00,19150.74,58.28083333
270,16206,2019-09-28 00:00:00,19155.15,55.50625
271,16206,2019-09-29 00:00:00,19196.5725,63.12666667
272,16206,2019-09-30 00:00:00,22907.43,58.0125
273,16206,2019-10-01 00:00:00,24150.8925,47.6775
274,16206,2019-10-02 00:00:00,23408.4375,45.98583333
275,16206,2019-10-03 00:00:00,23688.315,49.37708333
276,16206,2019-10-04 00:00:00,24056.0775,53.34791667
277,16206,2019-10-05 00:00:00,23816.3625,55.905
278,16206,2019-10-06 00:00:00,23730.21,51.34458333
279,16206,2019-10-07 00:00:00,22765.5225,50.86333333
280,16206,2019-10-08 00:00:00,24051.6675,56.07916667
281,16206,2019-10-09 00:00:00,23988.0375,51.5575
282,16206,2019-10-10 00:00:00,24112.305,26.43791667
283,16206,2019-10-11 00:00:00,24018.5925,33.27625
284,16206,2019-10-12 00:00:00,23686.74,42.68666667
285,16206,2019-10-13 00:00:00,18507.3525,49.82125
286,16206,2019-10-14 00:00:00,24126.9525,55.37166667
287,16206,2019-10-15 00:00:00,26832.1725,46.44333333
288,16206,2019-10-16 00:00:00,28004.13,51.95666667
289,16206,2019-10-17 00:00:00,28000.8225,56.50125
290,16206,2019-10-18 00:00:00,28012.1625,53.6675
291,16206,2019-10-19 00:00:00,27669.6,49.53291667
292,16206,2019-10-20 00:00:00,26112.0825,44.26708333
293,16206,2019-10-21 00:00:00,26501.58,43.1025
294,16206,2019-10-22 00:00:00,27320.58,48.28291667
295,16206,2019-10-23 00:00:00,27325.7775,44.39875
296,16206,2019-10-24 00:00:00,27258.9975,35.54
297,16206,2019-10-25 00:00:00,27150.165,42.27791667
298,16206,2019-10-26 00:00:00,26707.275,47.67625
299,16206,2019-10-27 00:00:00,26410.7025,23.56666667
300,16206,2019-10-28 00:00:00,26929.35,20.25125
301,16206,2019-10-29 00:00:00,25719.2775,13.18125
302,16206,2019-10-30 00:00:00,26773.8975,13.3925
303,16206,2019-10-31 00:00:00,27060.2325,25.28166667
304,16206,2019-11-01 00:00:00,26293.8375,33.02958333
305,16206,2019-11-02 00:00:00,26383.9275,32.54625
306,16206,2019-11-03 00:00:00,27490.12875,43.155
307,16206,2019-11-04 00:00:00,26232.255,40.56
308,16206,2019-11-05 00:00:00,25826.3775,40.84
309,16206,2019-11-06 00:00:00,22197.5775,34.06708333
310,16206,2019-11-07 00:00:00,26924.7825,32.00166667
311,16206,2019-11-08 00:00:00,26967.9375,45.97458333
312,16206,2019-11-09 00:00:00,26645.535,52.00875
313,16206,2019-11-10 00:00:00,26466.615,44.49125
314,16206,2019-11-11 00:00:00,26833.905,16.62375
315,16206,2019-11-12 00:00:00,16562.8575,32.83083333
316,16206,2019-11-13 00:00:00,15802.4475,47.76625
317,16206,2019-11-14 00:00:00,26658.6075,39.21125
318,16206,2019-11-15 00:00:00,27095.04,44.13375
319,16206,2019-11-16 00:00:00,26638.7625,47.31791667
320,16206,2019-11-17 00:00:00,24888.6225,41.02208333
321,16206,2019-11-18 00:00:00,27125.7525,53.03
322,16206,2019-11-19 00:00:00,27079.1325,44.79833333
323,16206,2019-11-20 00:00:00,27038.97,40.71958333
324,16206,2019-11-21 00:00:00,25774.7175,27.07708333
325,16206,2019-11-22 00:00:00,26943.21,29.48083333
326,16206,2019-11-23 00:00:00,26519.3775,39.65916667
327,16206,2019-11-24 00:00:00,26261.55,44.55375
328,16206,2019-11-25 00:00:00,26938.485,33.37416667
329,16206,2019-11-26 00:00:00,25377.03,20.74125
330,16206,2019-11-27 00:00:00,26554.5,8.919583333
331,16206,2019-11-28 00:00:00,22523.6025,19.77166667
332,16206,2019-11-29 00:00:00,23387.9625,25.01208333
333,16206,2019-11-30 00:00:00,25438.455,30.44916667
334,16206,2019-12-01 00:00:00,25694.0775,19.99166667
335,16206,2019-12-02 00:00:00,25714.395,31.18041667
336,16206,2019-12-03 00:00:00,25733.61,38.92958333
337,16206,2019-12-04 00:00:00,25719.9075,33.6275
338,16206,2019-12-05 00:00:00,25725.105,34.88333333
339,16206,2019-12-06 00:00:00,25872.525,31.24875
340,16206,2019-12-07 00:00:00,25694.235,35.955
341,16206,2019-12-08 00:00:00,24830.6625,39.85583333
342,16206,2019-12-09 00:00:00,25728.7275,29.96666667
343,16206,2019-12-10 00:00:00,25882.29,28.35125
344,16206,2019-12-11 00:00:00,25735.185,31.14166667
345,16206,2019-12-12 00:00:00,25895.205,35.78083333
346,16206,2019-12-13 00:00:00,25793.145,36.70166667
347,16206,2019-12-14 00:00:00,25870.7925,27.8075
348,16206,2019-12-15 00:00:00,25655.805,23.10125
349,16206,2019-12-16 00:00:00,25934.58,21.29916667
350,16206,2019-12-17 00:00:00,21739.725,22.6425
351,16206,2019-12-18 00:00:00,22364.8425,28.83375
352,16206,2019-12-19 00:00:00,22238.055,31.40458333
353,16206,2019-12-20 00:00:00,22188.1275,32.04875
354,16206,2019-12-21 00:00:00,22243.2525,34.60833333
355,16206,2019-12-22 00:00:00,22202.6175,38.68333333
356,16206,2019-12-23 00:00:00,22309.4025,40.69541667
357,16206,2019-12-24 00:00:00,22085.91,40.925
358,16206,2019-12-25 00:00:00,21759.0975,36.96666667
359,16206,2019-12-26 00:00:00,22029.6825,31.54
360,16206,2019-12-27 00:00:00,22008.105,28.28083333
361,16206,2019-12-28 00:00:00,21960.855,26.7275
362,16206,2019-12-29 00:00:00,21944.6325,26.32375
363,16206,2019-12-30 00:00:00,22490.055,21.5425
364,16206,2019-12-31 00:00:00,22346.73,24.46791667
365,16206,2020-01-01 00:00:00,22042.2825,37.86083333
366,16206,2020-01-02 00:00:00,22384.53,39.68875
367,16206,2020-01-03 00:00:00,22512.2625,31.72
368,16206,2020-01-04 00:00:00,22103.0775,37.94541667
369,16206,2020-01-05 00:00:00,22199.625,35.45791667
370,16206,2020-01-06 00:00:00,15848.91,36.675
371,16206,2020-01-07 00:00:00,15269.7825,43.14916667
372,16206,2020-01-08 00:00:00,13515.8625,38.56875
373,16206,2020-01-09 00:00:00,13043.6775,35.39333333
374,16206,2020-01-10 00:00:00,13028.715,26.29875
375,16206,2020-01-11 00:00:00,13022.5725,24.78041667
376,16206,2020-01-12 00:00:00,13036.4325,30.24083333
377,16206,2020-01-13 00:00:00,13037.535,29.60666667
378,16206,2020-01-14 00:00:00,13059.7425,34.24791667
379,16206,2020-01-15 00:00:00,13059.1125,32.23791667
380,16206,2020-01-16 00:00:00,13060.53,24.94041667
381,16206,2020-01-17 00:00:00,13064.625,33.14583333
382,16206,2020-01-18 00:00:00,13061.9475,28.76291667
383,16206,2020-01-19 00:00:00,13079.2725,29.20083333
384,16206,2020-01-20 00:00:00,13089.51,30.70791667
385,16206,2020-01-21 00:00:00,13098.96,37.04083333
386,16206,2020-01-22 00:00:00,13132.8225,42.89083333
387,16206,2020-01-23 00:00:00,13109.67,37.08083333
388,16206,2020-01-24 00:00:00,13111.0875,35.35625
389,16206,2020-01-25 00:00:00,13138.4925,40.55666667
390,16206,2020-01-26 00:00:00,13141.485,39.66875
391,16206,2020-01-27 00:00:00,13121.7975,36.54583333
392,16206,2020-01-28 00:00:00,13132.035,37.44208333
393,16206,2020-01-29 00:00:00,13135.9725,34.04458333
394,16206,2020-01-30 00:00:00,13139.28,30.41291667
395,16206,2020-01-31 00:00:00,13170.465,38.1525
396,16206,2020-02-01 00:00:00,13204.8,47.31208333
397,16206,2020-02-02 00:00:00,13216.77,51.625
398,16206,2020-02-03 00:00:00,13171.8825,22.43333333
399,16206,2020-02-04 00:00:00,9207.76499999999,13.64083333
400,16206,2020-02-05 00:00:00,13190.1525,12.63416667
401,16206,2020-02-06 00:00:00,13084.785,25.06958333
402,16206,2020-02-07 00:00:00,12785.0625,28.09583333
403,16206,2020-02-08 00:00:00,12793.095,31.34166667
404,16206,2020-02-09 00:00:00,12807.4275,28.2075
405,16206,2020-02-10 00:00:00,12802.7025,23.22
406,16206,2020-02-11 00:00:00,12812.625,21.3025
407,16206,2020-02-12 00:00:00,12804.5925,29.49333333
408,16206,2020-02-13 00:00:00,12814.2,19.72458333
409,16206,2020-02-14 00:00:00,12831.9975,29.71666667
410,16206,2020-02-15 00:00:00,12836.0925,31.67791667
411,16206,2020-02-16 00:00:00,12858.7725,34.41125
412,16206,2020-02-17 00:00:00,12856.2525,35.62291667
413,16206,2020-02-18 00:00:00,4249.35,26.15625
414,16206,2020-02-19 00:00:00,6433.5600000000095,22.85416667
415,16206,2020-02-20 00:00:00,12883.0275,18.53375
416,16206,2020-02-21 00:00:00,12903.1875,30.79833333
417,16206,2020-02-22 00:00:00,12918.15,41.18625
418,16206,2020-02-23 00:00:00,11982.6,40.37458333
419,16206,2020-02-24 00:00:00,12847.905,32.89416667
420,16206,2020-02-25 00:00:00,12844.755,25.47166667
421,16206,2020-02-26 00:00:00,12853.4175,25.44375
422,16206,2020-02-27 00:00:00,12859.4025,40.54166667
423,16206,2020-02-28 00:00:00,12885.8625,40.18041667
424,16206,2020-02-29 00:00:00,12877.515,39.94375
425,16206,2020-03-01 00:00:00,12860.9775,33.9275
426,16206,2020-03-02 00:00:00,12861.2925,32.65
427,16206,2020-03-03 00:00:00,12886.1775,40.92791667
428,16206,2020-03-04 00:00:00,12897.045,44.09875
429,16206,2020-03-05 00:00:00,12894.6825,40.10791667
430,16206,2020-03-06 00:00:00,12909.645,44.25916667
431,16206,2020-03-07 00:00:00,12920.5125,50.99208333
432,16206,2020-03-08 00:00:00,12364.8525,50.37434783
433,16206,2020-03-09 00:00:00,12215.5425,46.07916667
434,16206,2020-03-10 00:00:00,12074.7375,46.51208333
435,16206,2020-03-11 00:00:00,12066.705,48.03583333
436,16206,2020-03-12 00:00:00,12035.6775,41.11833333
437,16206,2020-03-13 00:00:00,12026.7,32.79916667
438,16206,2020-03-14 00:00:00,12029.535,32.0675
439,16206,2020-03-15 00:00:00,12054.5775,38.85291667
440,16206,2020-03-16 00:00:00,12054.105,40.53166667
441,16206,2020-03-17 00:00:00,11145.33,40.9025
442,16206,2020-03-18 00:00:00,10784.4975,45.47625
443,16206,2020-03-19 00:00:00,9670.6575,35.25708333
444,16206,2020-03-20 00:00:00,10273.41,21.90791667
445,16206,2020-03-21 00:00:00,10293.4125,30.22083333
446,16206,2020-03-22 00:00:00,10324.5975,40.34375
447,16206,2020-03-23 00:00:00,10335.9375,42.90083333
448,16206,2020-03-24 00:00:00,10347.9075,48.61416667
449,16206,2020-03-25 00:00:00,10359.8775,53.23625
450,16206,2020-03-26 00:00:00,10319.715,44.2825
451,16206,2020-03-27 00:00:00,10303.335,38.01791667
452,16206,2020-03-28 00:00:00,10318.9275,41.9375
453,16206,2020-03-29 00:00:00,10342.2375,41.94958333
454,16206,2020-03-30 00:00:00,10353.8925,46.5
455,16206,2020-03-31 00:00:00,10368.54,50.23208333
456,16206,2020-04-01 00:00:00,9995.265,50.23208333
457,16206,2020-04-02 00:00:00,10281.1275,52.12791667
458,16206,2020-04-03 00:00:00,10297.665,26.90583333
459,16206,2020-04-04 00:00:00,10339.245,28.78333333
460,16206,2020-04-05 00:00:00,10360.98,41.13125
461,16206,2020-04-06 00:00:00,10370.5875,50.72416667
462,16206,2020-04-07 00:00:00,10377.36,55.41541667
463,16206,2020-04-08 00:00:00,10379.7225,56.9525
464,16206,2020-04-09 00:00:00,10352.9475,55.71375
465,16206,2020-04-10 00:00:00,10374.84,46.09958333
466,16206,2020-04-11 00:00:00,10394.5275,54.95208333
467,16206,2020-04-12 00:00:00,10303.965,56.66708333
468,16206,2020-04-13 00:00:00,10303.1775,25.34458333
469,16206,2020-04-14 00:00:00,10329.6375,22.19625
470,16206,2020-04-15 00:00:00,10349.64,32.11625
471,16206,2020-04-16 00:00:00,10338.4575,38.34541667
472,16206,2020-04-17 00:00:00,10342.2375,27.02625
473,16206,2020-04-18 00:00:00,10376.1,25.63208333
474,16206,2020-04-19 00:00:00,10408.545,38.3875
475,16206,2020-04-20 00:00:00,10428.2325,43.90833333
476,16206,2020-04-21 00:00:00,10440.8325,50.63583333
477,16206,2020-04-22 00:00:00,10450.44,54.35041667
478,16206,2020-04-23 00:00:00,10452.96,56.40125
479,16206,2020-04-24 00:00:00,10437.0525,56.32916667
480,16206,2020-04-25 00:00:00,10450.5975,50.77125
481,16206,2020-04-26 00:00:00,10458.4725,51.70708333
482,16206,2020-04-27 00:00:00,9823.27499999999,56.27041667
483,16206,2020-04-28 00:00:00,10522.4175,61.93958333
484,16206,2020-04-29 00:00:00,10499.1075,62.965
485,16206,2020-04-30 00:00:00,10494.54,56.15958333
486,16206,2020-05-01 00:00:00,10517.6925,61.965
487,16206,2020-05-02 00:00:00,10526.985,67.86083333
488,16206,2020-05-03 00:00:00,10518.9525,54.88166667
489,16206,2020-05-04 00:00:00,10500.3675,58.57625
490,16206,2020-05-05 00:00:00,10481.1525,55.08625
491,16206,2020-05-06 00:00:00,9340.2225,54.08208333
492,16206,2020-05-07 00:00:00,10207.26,54.38333333
493,16206,2020-05-08 00:00:00,10169.6175,56.80791667
494,16206,2020-05-09 00:00:00,10179.3825,48.02333333
495,16206,2020-05-10 00:00:00,10162.845,51.98833333
496,16206,2020-05-11 00:00:00,10110.555,50.45458333
497,16206,2020-05-12 00:00:00,10140.795,40.18166667
498,16206,2020-05-13 00:00:00,10153.395,47.92416667
499,16206,2020-05-14 00:00:00,10189.1475,58.36333333
500,16206,2020-05-15 00:00:00,10189.62,57.03041667
501,16206,2020-05-16 00:00:00,10180.6425,55.05083333
502,16206,2020-05-17 00:00:00,10157.0175,59.57541667
503,16206,2020-05-18 00:00:00,10171.8225,56.4175
504,16206,2020-05-19 00:00:00,10177.4925,65.71708333
505,16206,2020-05-20 00:00:00,10170.72,70.82041667
506,16206,2020-05-21 00:00:00,10162.6875,72.43875
507,16206,2020-05-22 00:00:00,10162.215,61.17
508,16206,2020-05-23 00:00:00,10166.94,64.66916667
509,16206,2020-05-24 00:00:00,10123.9425,63.92458333
510,16206,2020-05-25 00:00:00,10121.7375,50.745
511,16206,2020-05-26 00:00:00,10125.99,54.08958333
512,16206,2020-05-27 00:00:00,10139.535,62.335
513,16206,2020-05-28 00:00:00,10117.9575,66.61458333
514,16206,2020-05-29 00:00:00,10067.5575,64.40916667
515,16206,2020-05-30 00:00:00,10022.1975,69.52208333
516,16206,2020-05-31 00:00:00,10014.6375,69.38583333
517,16206,2020-06-01 00:00:00,12356.505,70.04708333
518,16206,2020-06-02 00:00:00,13370.49,74.66416667
519,16206,2020-06-03 00:00:00,13417.5825,76.38833333
520,16206,2020-06-04 00:00:00,13428.9225,73.37625
521,16206,2020-06-05 00:00:00,13427.82,74.93875
522,16206,2020-06-06 00:00:00,13390.65,75.82041667
523,16206,2020-06-07 00:00:00,13390.1775,68.99875
524,16206,2020-06-08 00:00:00,13359.78,69.24458333
525,16206,2020-06-09 00:00:00,13313.0025,60.22875
526,16206,2020-06-10 00:00:00,13393.3275,56.125
527,16206,2020-06-11 00:00:00,13411.5975,65.09375
528,16206,2020-06-12 00:00:00,13416.795,68.46583333
529,16206,2020-06-13 00:00:00,13414.4325,72.07666667
530,16206,2020-06-14 00:00:00,13430.34,71.02625
531,16206,2020-06-15 00:00:00,13398.525,76.97375
532,16206,2020-06-16 00:00:00,13046.355,72.0275
533,16206,2020-06-17 00:00:00,13746.6,74.37458333
534,16206,2020-06-18 00:00:00,13671.0,73.21458333
535,16206,2020-06-19 00:00:00,11445.3675,62.3525
536,16206,2020-06-20 00:00:00,13567.05,58.44875
537,16206,2020-06-21 00:00:00,13575.87,66.935
538,16206,2020-06-22 00:00:00,13546.1025,68.76625
539,16206,2020-06-23 00:00:00,13542.0075,69.9
540,16206,2020-06-24 00:00:00,13476.645,69.94083333
541,16206,2020-06-25 00:00:00,13481.685,73.09416667
542,16206,2020-06-26 00:00:00,13462.47,72.24791667
543,16206,2020-06-27 00:00:00,13440.8925,66.91166667
544,16206,2020-06-28 00:00:00,13461.0525,71.05541667
545,16206,2020-06-29 00:00:00,13461.21,72.78833333
546,16206,2020-06-30 00:00:00,5744.8125,75.32791667
547,16206,2020-07-01 00:00:00,807.0300000000011,68.465
548,16206,2020-07-02 00:00:00,831.7575000000011,70.61875
549,16206,2020-07-03 00:00:00,823.5675,75.27875
550,16206,2020-07-04 00:00:00,807.1875,75.50333333
551,16206,2020-07-05 00:00:00,822.15,71.82375
552,16206,2020-07-06 00:00:00,838.0575,72.43958333
553,16206,2020-07-07 00:00:00,841.68,75.49166667
554,16206,2020-07-08 00:00:00,827.032500000001,78.23625
555,16206,2020-07-09 00:00:00,827.9775000000011,76.47916667
556,16206,2020-07-10 00:00:00,833.9625000000011,75.61833333
557,16206,2020-07-11 00:00:00,815.692500000001,79.25833333
558,16206,2020-07-12 00:00:00,825.9300000000011,78.17875
559,16206,2020-07-13 00:00:00,806.557500000001,79.01875
560,16206,2020-07-14 00:00:00,779.782500000001,77.39333333
561,16206,2020-07-15 00:00:00,776.790000000002,66.61541667
562,16206,2020-07-16 00:00:00,804.8250000000011,67.92291667
563,16206,2020-07-17 00:00:00,835.537500000001,74.87208333
564,16206,2020-07-18 00:00:00,826.5600000000011,78.34041667
565,16206,2020-07-19 00:00:00,805.6125000000011,79.40833333
566,16206,2020-07-20 00:00:00,803.407500000001,76.15375
