idx,time,Temp,dailyDelivered,isWeekend
1,4/29/2020 0:00,62.965,1146356.812,FALSE
2,4/30/2020 0:00,56.15958333,1156986.046,FALSE
3,5/1/2020 0:00,61.965,1181936.234,FALSE
4,5/2/2020 0:00,67.86083333,1106728.548,TRUE
5,5/3/2020 0:00,54.88166667,1110877.83,TRUE
6,5/4/2020 0:00,58.57625,1136040.169,FALSE
7,5/5/2020 0:00,55.08625,1156318.481,FALSE
8,5/6/2020 0:00,54.08208333,1150619.169,FALSE
9,5/7/2020 0:00,54.38333333,1142136.747,FALSE
10,5/8/2020 0:00,56.80791667,1121798.605,FALSE
11,5/9/2020 0:00,48.02333333,1079487.133,TRUE
12,5/10/2020 0:00,51.98833333,1088269.262,TRUE
13,5/11/2020 0:00,50.45458333,1135122.259,FALSE
14,5/12/2020 0:00,40.18166667,1171209.8,FALSE
15,5/13/2020 0:00,47.92416667,1181579.646,FALSE
16,5/14/2020 0:00,58.36333333,1176352.098,FALSE
17,5/15/2020 0:00,57.03041667,1159769.646,FALSE
18,5/16/2020 0:00,55.05083333,1126342.797,TRUE
19,5/17/2020 0:00,59.57541667,1113490.659,TRUE
20,5/18/2020 0:00,56.4175,1201289.039,FALSE
21,5/19/2020 0:00,65.71708333,1222501.769,FALSE
22,5/20/2020 0:00,70.82041667,1227965.569,FALSE
23,5/21/2020 0:00,72.43875,1189615.338,FALSE
24,5/22/2020 0:00,61.17,1195843.757,FALSE
25,5/23/2020 0:00,64.66916667,1145982.323,TRUE
26,5/24/2020 0:00,63.92458333,1055091.438,TRUE
27,5/25/2020 0:00,50.745,1084434.415,FALSE
28,5/26/2020 0:00,54.08958333,1187352.949,FALSE
29,5/27/2020 0:00,62.335,1204424.099,FALSE
30,5/28/2020 0:00,66.61458333,1164583.715,FALSE
31,5/29/2020 0:00,64.40916667,1129500.284,FALSE
32,5/30/2020 0:00,69.52208333,1061268.908,TRUE
33,5/31/2020 0:00,69.38583333,1079566.801,TRUE
34,6/1/2020 0:00,70.04708333,1265492.776,FALSE
35,6/2/2020 0:00,74.66416667,1302671.12,FALSE
36,6/3/2020 0:00,76.38833333,1278077.535,FALSE
37,6/4/2020 0:00,73.37625,1275071.206,FALSE
38,6/5/2020 0:00,74.93875,1266252.784,FALSE
39,6/6/2020 0:00,75.82041667,1160136.227,TRUE
40,6/7/2020 0:00,68.99875,1173916.549,TRUE
41,6/8/2020 0:00,69.24458333,1211293.567,FALSE
42,6/9/2020 0:00,60.22875,1216286.297,FALSE
43,6/10/2020 0:00,56.125,1223340.528,FALSE
44,6/11/2020 0:00,65.09375,1243550.374,FALSE
45,6/12/2020 0:00,68.46583333,1251614.738,FALSE
46,6/13/2020 0:00,72.07666667,1217158.352,TRUE
47,6/14/2020 0:00,71.02625,1231489.333,TRUE
48,6/15/2020 0:00,76.97375,1237789.116,FALSE
49,6/16/2020 0:00,72.0275,1309405.003,FALSE
50,6/17/2020 0:00,74.37458333,1261043.681,FALSE
51,6/18/2020 0:00,73.21458333,1220828.38,FALSE
52,6/19/2020 0:00,62.3525,1209271.016,FALSE
53,6/20/2020 0:00,58.44875,1186279.178,TRUE
54,6/21/2020 0:00,66.935,1177759.443,TRUE
55,6/22/2020 0:00,68.76625,1253855.3,FALSE
56,6/23/2020 0:00,69.9,1279109.079,FALSE
57,6/24/2020 0:00,69.94083333,1283628.542,FALSE
58,6/25/2020 0:00,73.09416667,1270525.267,FALSE
59,6/26/2020 0:00,72.24791667,1259729.168,FALSE
60,6/27/2020 0:00,66.91166667,1206733.806,TRUE
61,6/28/2020 0:00,71.05541667,1200598.273,TRUE
62,6/29/2020 0:00,72.78833333,1275385.242,FALSE
63,6/30/2020 0:00,75.32791667,1266942.16,FALSE
64,7/1/2020 0:00,68.465,1254246.384,FALSE
65,7/2/2020 0:00,70.61875,1274477.242,FALSE
66,7/3/2020 0:00,75.27875,1243056.863,FALSE
67,7/4/2020 0:00,75.50333333,1186807.854,TRUE
68,7/5/2020 0:00,71.82375,1176797.007,TRUE
69,7/6/2020 0:00,72.43958333,1293478.049,FALSE
70,7/7/2020 0:00,75.49166667,1328324.04,FALSE
71,7/8/2020 0:00,78.23625,1310413.672,FALSE
72,7/9/2020 0:00,76.47916667,1300788.738,FALSE
73,7/10/2020 0:00,75.61833333,1287365.778,FALSE
74,7/11/2020 0:00,79.25833333,1225314.356,TRUE
75,7/12/2020 0:00,78.17875,1197954.646,TRUE
76,7/13/2020 0:00,79.01875,1245809.299,FALSE
77,7/14/2020 0:00,77.39333333,1252252.688,FALSE
78,7/15/2020 0:00,66.61541667,1286738.103,FALSE
79,7/16/2020 0:00,67.92291667,1286049.859,FALSE
80,7/17/2020 0:00,74.87208333,1196327.646,FALSE
81,7/18/2020 0:00,78.34041667,1139339.069,TRUE
82,7/19/2020 0:00,79.40833333,1143406.39,TRUE
83,7/20/2020 0:00,76.15375,1203555.823,FALSE
84,7/21/2020 0:00,74.23916667,1172753.544,FALSE
85,7/22/2020 0:00,72.59333333,1154730.931,FALSE
86,7/23/2020 0:00,73.96625,1179807.382,FALSE
87,7/24/2020 0:00,77.69916667,1198716.744,FALSE
88,7/25/2020 0:00,74.90666667,1171882.141,TRUE
89,7/26/2020 0:00,74.12,1155496.608,TRUE
90,7/27/2020 0:00,71.96333333,1213695.791,FALSE
91,7/28/2020 0:00,72.88375,1221277.279,FALSE
92,7/29/2020 0:00,70.30916667,1223300.666,FALSE
93,7/30/2020 0:00,72.70916667,1211657.823,FALSE
94,7/31/2020 0:00,67.22041667,1211058.744,FALSE
95,8/1/2020 0:00,72.36583333,1181703.003,TRUE
96,8/2/2020 0:00,72.35083333,1187636.204,TRUE
97,8/3/2020 0:00,71.54375,1232664.155,FALSE
98,8/4/2020 0:00,70.27375,1227257.102,FALSE
99,8/5/2020 0:00,72.82833333,1140039.364,FALSE
100,8/6/2020 0:00,71.29833333,1125638.31,FALSE
101,8/7/2020 0:00,72.27875,1117620.632,FALSE
102,8/8/2020 0:00,76.49583333,1059805.306,TRUE
103,8/9/2020 0:00,76.23166667,1058256.857,TRUE
104,8/10/2020 0:00,77.63166667,1117815.348,FALSE
105,8/11/2020 0:00,72.91291667,1101784.911,FALSE
106,8/12/2020 0:00,75.13041667,1106032.249,FALSE
107,8/13/2020 0:00,72.80083333,1114066.14,FALSE
108,8/14/2020 0:00,76.28833333,1108005.278,FALSE
109,8/15/2020 0:00,71.95333333,1071037.123,TRUE
110,8/16/2020 0:00,72.03708333,1091955.935,TRUE
111,8/17/2020 0:00,77.39916667,1159954.937,FALSE
112,8/18/2020 0:00,76.96,1140583.279,FALSE
113,8/19/2020 0:00,78.41333333,1134983.815,FALSE
114,8/20/2020 0:00,75.4975,1141852.635,FALSE
115,8/21/2020 0:00,74.88458333,1135503.242,FALSE
116,8/22/2020 0:00,76.00291667,1095746.065,TRUE
117,8/23/2020 0:00,78.19916667,1069368.084,TRUE
118,8/24/2020 0:00,74.56416667,1150233.704,FALSE
119,8/25/2020 0:00,79.62208333,1142566.507,FALSE
120,8/26/2020 0:00,78.85875,1144759.443,FALSE
121,8/27/2020 0:00,77.03041667,1130838.495,FALSE
122,8/28/2020 0:00,73.91416667,1111910.887,FALSE
123,8/29/2020 0:00,70.34166667,1059744.644,TRUE
124,8/30/2020 0:00,63.61666667,1057229.125,TRUE
125,8/31/2020 0:00,72.61375,1039281.482,FALSE
126,9/1/2020 0:00,60.24416667,1066347.016,FALSE
127,9/2/2020 0:00,64.71916667,1085779.439,FALSE
128,9/3/2020 0:00,67.38458333,1092401.044,FALSE
129,9/4/2020 0:00,68.07208333,1089739.188,FALSE
130,9/5/2020 0:00,70.81208333,1061023.687,TRUE
131,9/6/2020 0:00,72.02333333,1050656.906,TRUE
132,9/7/2020 0:00,76.31458333,1050081.495,FALSE
133,9/8/2020 0:00,60.22458333,1185949.876,FALSE
134,9/9/2020 0:00,34.70291667,1203884.477,FALSE
135,9/10/2020 0:00,35.95166667,1185364.927,FALSE
136,9/11/2020 0:00,44.76291667,1220587.47,FALSE
137,9/12/2020 0:00,49.13541667,1221633.642,TRUE
138,9/13/2020 0:00,60.15458333,1138148.241,TRUE
139,9/14/2020 0:00,63.59333333,1075105.373,FALSE
140,9/15/2020 0:00,64.48458333,1061084.575,FALSE
141,9/16/2020 0:00,67.27833333,1053115.683,FALSE
142,9/17/2020 0:00,64.04666667,1066947.707,FALSE
143,9/18/2020 0:00,64.11791667,1070642.953,FALSE
144,9/19/2020 0:00,61.67083333,1058521.228,TRUE
145,9/20/2020 0:00,69.23916667,1029246.341,TRUE
146,9/21/2020 0:00,67.36333333,1073909.945,FALSE
147,9/22/2020 0:00,65.2675,1076514.085,FALSE
148,9/23/2020 0:00,68.43666667,1092832.585,FALSE
149,9/24/2020 0:00,70.4475,1070392.691,FALSE
150,9/25/2020 0:00,66.16583333,1076100.012,FALSE
151,9/26/2020 0:00,64.22833333,1030712.769,TRUE
152,9/27/2020 0:00,66.23416667,969272.4867,TRUE
153,9/28/2020 0:00,50.8725,1038081.797,FALSE
154,9/29/2020 0:00,49.785,1061014.884,FALSE
155,9/30/2020 0:00,57.62666667,795520.5116,FALSE
156,1/1/2019 0:00,5.541666667,1063507.648,FALSE
157,1/2/2019 0:00,19.23791667,1072784.501,FALSE
158,1/3/2019 0:00,32.9275,1089170.611,FALSE
159,1/4/2019 0:00,39.55958333,1078779.498,FALSE
160,1/5/2019 0:00,41.17291667,1026458.081,TRUE
161,1/6/2019 0:00,40.68541667,1014116.193,TRUE
162,1/7/2019 0:00,39.69208333,1063400.252,FALSE
163,1/8/2019 0:00,32.37166667,1020187.658,FALSE
164,1/9/2019 0:00,30.22,1024702.189,FALSE
165,1/10/2019 0:00,42.04625,1005391.429,FALSE
166,1/11/2019 0:00,36.99333333,990531.4218,FALSE
167,1/12/2019 0:00,34.28916667,923659.7703,TRUE
168,1/13/2019 0:00,28.33375,929962.3716,TRUE
169,1/14/2019 0:00,30.34291667,983445.0186,FALSE
170,1/15/2019 0:00,32.88291667,975186.0162,FALSE
171,1/16/2019 0:00,36.28666667,972316.1868,FALSE
172,1/17/2019 0:00,39.3575,983598.7965,FALSE
173,1/18/2019 0:00,35.46166667,980421.3297,FALSE
174,1/19/2019 0:00,33.01375,936871.4214,TRUE
175,1/20/2019 0:00,37.18,930037.9509,TRUE
176,1/21/2019 0:00,33.635,974921.6616,FALSE
177,1/22/2019 0:00,26.48083333,979615.1784,FALSE
178,1/23/2019 0:00,26.96458333,986226.9135,FALSE
179,1/24/2019 0:00,22.56791667,993607.3407,FALSE
180,1/25/2019 0:00,24.27875,991006.9771,FALSE
181,1/26/2019 0:00,31.42875,933503.9487,TRUE
182,1/27/2019 0:00,40.5775,916291.4422,TRUE
183,1/28/2019 0:00,26.69666667,978813.4985,FALSE
184,1/29/2019 0:00,20.67083333,984078.1924,FALSE
185,1/30/2019 0:00,24.46041667,984295.4445,FALSE
186,1/31/2019 0:00,34.40791667,1014174.991,FALSE
187,2/1/2019 0:00,38.07875,1020652.414,FALSE
188,2/2/2019 0:00,40.39875,948538.3704,TRUE
189,2/3/2019 0:00,43.30208333,925429.9641,TRUE
190,2/4/2019 0:00,35.50458333,995195.4363,FALSE
191,2/5/2019 0:00,27.60916667,1004388.149,FALSE
192,2/6/2019 0:00,13.45416667,1022311.851,FALSE
193,2/7/2019 0:00,1.414166667,1052446.568,FALSE
194,2/8/2019 0:00,11.32166667,1044004.054,FALSE
195,2/9/2019 0:00,21.4175,1019061.181,TRUE
196,2/10/2019 0:00,21.34916667,1056493.53,TRUE
197,2/11/2019 0:00,22.09625,1126465.595,FALSE
198,2/12/2019 0:00,37.09166667,1132231.939,FALSE
199,2/13/2019 0:00,44.8775,1148856.273,FALSE
200,2/14/2019 0:00,41.29041667,1141126.479,FALSE
201,2/15/2019 0:00,34.2275,1118789.398,FALSE
202,2/16/2019 0:00,28.845,1063236.452,TRUE
203,2/17/2019 0:00,22.41416667,1046261.187,TRUE
204,2/18/2019 0:00,12.2325,1094919.338,FALSE
205,2/19/2019 0:00,15.53958333,1155486.07,FALSE
206,2/20/2019 0:00,21.57875,1146266.422,FALSE
207,2/21/2019 0:00,22.43,1142578.444,FALSE
208,2/22/2019 0:00,21.7975,1083637.527,FALSE
209,2/23/2019 0:00,30.46666667,917697.4782,TRUE
210,2/24/2019 0:00,33.85166667,868008.5259,TRUE
211,2/25/2019 0:00,28.58541667,986297.4114,FALSE
212,2/26/2019 0:00,31.02625,993360.5952,FALSE
213,2/27/2019 0:00,22.64083333,1005903.944,FALSE
214,2/28/2019 0:00,35.29375,1045299.135,FALSE
215,3/1/2019 0:00,37.61541667,1100685.269,FALSE
216,3/2/2019 0:00,17.79916667,1035124.59,TRUE
217,3/3/2019 0:00,0.18375,1031179.077,TRUE
218,3/4/2019 0:00,3.1125,1080544.008,FALSE
219,3/5/2019 0:00,14.7025,1101980.202,FALSE
220,3/6/2019 0:00,29.39291667,1093083.346,FALSE
221,3/7/2019 0:00,30.60708333,1092882.509,FALSE
222,3/8/2019 0:00,36.29458333,1076278.556,FALSE
223,3/9/2019 0:00,40.21208333,995507.3538,TRUE
224,3/10/2019 0:00,35.9573913,958496.1223,TRUE
225,3/11/2019 0:00,37.30833333,1080326.808,FALSE
226,3/12/2019 0:00,44.02791667,1103712.849,FALSE
227,3/13/2019 0:00,35.18,1086339.361,FALSE
228,3/14/2019 0:00,31.72791667,1117466.423,FALSE
229,3/15/2019 0:00,31.16375,1103620.81,FALSE
230,3/16/2019 0:00,35.76583333,1038367.835,TRUE
231,3/17/2019 0:00,39.13583333,1038383.165,TRUE
232,3/18/2019 0:00,38.30875,1103206.345,FALSE
233,3/19/2019 0:00,39.6175,1109989.092,FALSE
234,3/20/2019 0:00,42.24833333,1126688.708,FALSE
235,3/21/2019 0:00,44.19541667,1107266.336,FALSE
236,3/22/2019 0:00,43.82,1082661.358,FALSE
237,3/23/2019 0:00,45.04333333,1033794.017,TRUE
238,3/24/2019 0:00,43.84958333,1027607.152,TRUE
239,3/25/2019 0:00,47.17375,1101505.798,FALSE
240,3/26/2019 0:00,48.32,1094037.535,FALSE
241,3/27/2019 0:00,55.97958333,1117479.296,FALSE
242,3/28/2019 0:00,47.86541667,1104941.627,FALSE
243,3/29/2019 0:00,37.65416667,1092306.106,FALSE
244,3/30/2019 0:00,35.94083333,1049313.96,TRUE
245,3/31/2019 0:00,38.62125,1012739.72,TRUE
246,4/1/2019 0:00,43.80875,1141964.027,FALSE
247,4/2/2019 0:00,44.22625,1161635.696,FALSE
248,4/3/2019 0:00,49.00541667,1166713.726,FALSE
249,4/4/2019 0:00,51.07708333,1178659.539,FALSE
250,4/5/2019 0:00,57.47125,1222832.844,FALSE
251,4/6/2019 0:00,56.83208333,1147933.069,TRUE
252,4/7/2019 0:00,56.68958333,1143100.264,TRUE
253,4/8/2019 0:00,62.735,1258150.55,FALSE
254,4/9/2019 0:00,61.41458333,1262512.021,FALSE
255,4/10/2019 0:00,36.62666667,1189697.179,FALSE
256,4/11/2019 0:00,32.38458333,1123712.2,FALSE
257,4/12/2019 0:00,32.70083333,1141202.351,FALSE
258,4/13/2019 0:00,35.69666667,1082903.809,TRUE
259,4/14/2019 0:00,46.31375,1076923.283,TRUE
260,4/15/2019 0:00,55.48583333,1176883.68,FALSE
261,4/16/2019 0:00,51.91708333,1204780.155,FALSE
262,4/17/2019 0:00,54.95666667,1203268.539,FALSE
263,4/18/2019 0:00,52.58833333,1168573.528,FALSE
264,4/19/2019 0:00,57.43291667,1184100.009,FALSE
265,4/20/2019 0:00,61.84583333,1111814.541,TRUE
266,4/21/2019 0:00,58.04666667,1070724.14,TRUE
267,4/22/2019 0:00,44.92416667,1071445.853,FALSE
268,4/23/2019 0:00,53.66583333,1111329.547,FALSE
269,4/24/2019 0:00,60.1625,1105015.26,FALSE
270,4/25/2019 0:00,56.91291667,1113730.257,FALSE
271,4/26/2019 0:00,57.73916667,1109929.887,FALSE
272,4/27/2019 0:00,55.54208333,1030789.067,TRUE
273,4/28/2019 0:00,55.39625,1023779.035,TRUE
274,4/29/2019 0:00,32.46833333,1029282.806,FALSE
275,4/30/2019 0:00,32.26458333,1057322.128,FALSE
276,5/1/2019 0:00,40.02833333,1174109.079,FALSE
277,5/2/2019 0:00,46.69291667,1153183.502,FALSE
278,5/3/2019 0:00,54.19083333,1154347.141,FALSE
279,5/4/2019 0:00,56.90375,1094603.552,TRUE
280,5/5/2019 0:00,62.16791667,1078601.668,TRUE
281,5/6/2019 0:00,57.53583333,1162570.344,FALSE
282,5/7/2019 0:00,46.28166667,1179616.642,FALSE
283,5/8/2019 0:00,44.34916667,1204165.702,FALSE
284,5/9/2019 0:00,36.68916667,1203360.585,FALSE
285,5/10/2019 0:00,44.32166667,1193605.835,FALSE
286,5/11/2019 0:00,49.2375,1088153.672,TRUE
287,5/12/2019 0:00,58.22416667,1094282.085,TRUE
288,5/13/2019 0:00,64.22333333,1181935.039,FALSE
289,5/14/2019 0:00,64.99041667,1199511.485,FALSE
290,5/15/2019 0:00,66.92416667,1415663.866,FALSE
291,5/16/2019 0:00,67.44375,1483349.505,FALSE
292,5/17/2019 0:00,56.24875,1167625.741,FALSE
293,5/18/2019 0:00,52.00458333,1124671.739,TRUE
294,5/19/2019 0:00,42.92125,1088862.234,TRUE
295,5/20/2019 0:00,36.885,1164528.963,FALSE
296,5/21/2019 0:00,37.33875,1180447.838,FALSE
297,5/22/2019 0:00,43.18375,1189651.313,FALSE
298,5/23/2019 0:00,42.05041667,1210406.473,FALSE
299,5/24/2019 0:00,55.69833333,1213572.736,FALSE
300,5/25/2019 0:00,59.22083333,1140466.759,TRUE
301,5/26/2019 0:00,61.76791667,1178407.556,TRUE
302,5/27/2019 0:00,55.60541667,1140727.709,FALSE
303,5/28/2019 0:00,49.62083333,1209185.323,FALSE
304,5/29/2019 0:00,52.74666667,1273020.389,FALSE
305,5/30/2019 0:00,57.65958333,1312254.487,FALSE
306,5/31/2019 0:00,60.9375,1257455.199,FALSE
307,6/1/2019 0:00,62.73416667,1214214.349,TRUE
308,6/2/2019 0:00,64.10541667,1220646.948,TRUE
309,6/3/2019 0:00,64.23208333,1228322.19,FALSE
310,6/4/2019 0:00,66.25166667,1280283.377,FALSE
311,6/5/2019 0:00,65.89291667,1331458.714,FALSE
312,6/6/2019 0:00,68.92583333,1357827.963,FALSE
313,6/7/2019 0:00,70.45791667,1326989.829,FALSE
314,6/8/2019 0:00,64.69791667,1224905.371,TRUE
315,6/9/2019 0:00,56.15416667,1176267.425,TRUE
316,6/10/2019 0:00,61.76,1203688.61,FALSE
317,6/11/2019 0:00,64.6475,1264471.233,FALSE
318,6/12/2019 0:00,64.79833333,1310614.09,FALSE
319,6/13/2019 0:00,68.01,1311066.919,FALSE
320,6/14/2019 0:00,69.10333333,1318395.101,FALSE
321,6/15/2019 0:00,67.04708333,1254973.968,TRUE
322,6/16/2019 0:00,63.915,1242316.768,TRUE
323,6/17/2019 0:00,62.425,1256705.243,FALSE
324,6/18/2019 0:00,59.25666667,1252745.476,FALSE
325,6/19/2019 0:00,67.99541667,1319116.958,FALSE
326,6/20/2019 0:00,67.79666667,1330289.534,FALSE
327,6/21/2019 0:00,55.23083333,1320401.737,FALSE
328,6/22/2019 0:00,51.81416667,1156804.78,TRUE
329,6/23/2019 0:00,55.16625,1056228.744,TRUE
330,6/24/2019 0:00,65.43875,1094872.618,FALSE
331,6/25/2019 0:00,69.43666667,1104136.812,FALSE
332,6/26/2019 0:00,70.50666667,1123430.764,FALSE
333,6/27/2019 0:00,72.22791667,1123104.874,FALSE
334,6/28/2019 0:00,77.90166667,1127722.054,FALSE
335,6/29/2019 0:00,80.33791667,1086351.161,TRUE
336,6/30/2019 0:00,74.00041667,1080505.849,TRUE
337,7/1/2019 0:00,71.1975,1162440.762,FALSE
338,7/2/2019 0:00,70.62916667,1146042.405,FALSE
339,7/3/2019 0:00,74.40333333,1126832.889,FALSE
340,7/4/2019 0:00,69.6625,1069472.914,FALSE
341,7/5/2019 0:00,68.04958333,1066134.954,FALSE
342,7/6/2019 0:00,67.83083333,1029659.42,TRUE
343,7/7/2019 0:00,70.4475,1047946.742,TRUE
344,7/8/2019 0:00,70.72958333,1132184.131,FALSE
345,7/9/2019 0:00,72.68625,1111332.04,FALSE
346,7/10/2019 0:00,68.66041667,1122018.651,FALSE
347,7/11/2019 0:00,76.72125,1139756.424,FALSE
348,7/12/2019 0:00,76.52,1133290.444,FALSE
349,7/13/2019 0:00,75.1975,1084440.829,TRUE
350,7/14/2019 0:00,76.41916667,1080207.078,TRUE
351,7/15/2019 0:00,73.51291667,1161557.967,FALSE
352,7/16/2019 0:00,73.99208333,1168106.759,FALSE
353,7/17/2019 0:00,78.45708333,1168140.753,FALSE
354,7/18/2019 0:00,80.55708333,1149682.534,FALSE
355,7/19/2019 0:00,82.23041667,1155592.559,FALSE
356,7/20/2019 0:00,74.39916667,1104950.545,TRUE
357,7/21/2019 0:00,70.17708333,1099802.286,TRUE
358,7/22/2019 0:00,70.735,1164815.384,FALSE
359,7/23/2019 0:00,73.9575,1175038.311,FALSE
360,7/24/2019 0:00,76.25041667,1169335.329,FALSE
361,7/25/2019 0:00,77.42291667,1178889.282,FALSE
362,7/26/2019 0:00,75.83583333,1160434.595,FALSE
363,7/27/2019 0:00,74.56541667,1108437.72,TRUE
364,7/28/2019 0:00,77.81,1096412.732,TRUE
365,7/29/2019 0:00,74.89625,1148669.513,FALSE
366,7/30/2019 0:00,76.13833333,1164560.5,FALSE
367,7/31/2019 0:00,77.18916667,1154600.947,FALSE
368,8/1/2019 0:00,72.81,1166651.945,FALSE
369,8/2/2019 0:00,75.585,1141649.998,FALSE
370,8/3/2019 0:00,76.85541667,1087139.356,TRUE
371,8/4/2019 0:00,77.88833333,1086886.283,TRUE
372,8/5/2019 0:00,75.06416667,1155337.462,FALSE
373,8/6/2019 0:00,77.07416667,1159520.227,FALSE
374,8/7/2019 0:00,75.08791667,1179729.206,FALSE
375,8/8/2019 0:00,71.80125,1192612.228,FALSE
376,8/9/2019 0:00,76.75583333,1188472.096,FALSE
377,8/10/2019 0:00,73.57291667,1084245.79,TRUE
378,8/11/2019 0:00,70.5225,1076224.541,TRUE
379,8/12/2019 0:00,75.21166667,1125694.138,FALSE
380,8/13/2019 0:00,72.57708333,1148815.802,FALSE
381,8/14/2019 0:00,71.42708333,1167216.613,FALSE
382,8/15/2019 0:00,74.91416667,1161202.838,FALSE
383,8/16/2019 0:00,69.7125,1147140.627,FALSE
384,8/17/2019 0:00,71.9275,1061909.258,TRUE
385,8/18/2019 0:00,68.45375,1055577.709,TRUE
386,8/19/2019 0:00,78.52291667,1119269.991,FALSE
387,8/20/2019 0:00,78.81833333,1161099.373,FALSE
388,8/21/2019 0:00,71.52125,1169155.895,FALSE
389,8/22/2019 0:00,70.65208333,1164710.681,FALSE
390,8/23/2019 0:00,71.01083333,1125120.263,FALSE
391,8/24/2019 0:00,71.12291667,1087712.998,TRUE
392,8/25/2019 0:00,77.7975,1057359.595,TRUE
393,8/26/2019 0:00,68.88666667,1106702.035,FALSE
394,8/27/2019 0:00,64.63208333,1094787.502,FALSE
395,8/28/2019 0:00,70.01416667,1109553.153,FALSE
396,8/29/2019 0:00,73.48916667,1124042.492,FALSE
397,8/30/2019 0:00,67.24333333,1120321.376,FALSE
398,8/31/2019 0:00,73.51166667,1095486.595,TRUE
399,9/1/2019 0:00,77.14291667,1079972.914,TRUE
400,9/2/2019 0:00,79.92375,1074054.065,FALSE
401,9/3/2019 0:00,74.42166667,1148528.331,FALSE
402,9/4/2019 0:00,72.51666667,1153381.036,FALSE
403,9/5/2019 0:00,78.90416667,1146216.397,FALSE
404,9/6/2019 0:00,69.98875,1168958.49,FALSE
405,9/7/2019 0:00,73.00958333,1102433.594,TRUE
406,9/8/2019 0:00,61.35333333,1038054.488,TRUE
407,9/9/2019 0:00,66.59208333,1113225.119,FALSE
408,9/10/2019 0:00,69.04958333,1123186.518,FALSE
409,9/11/2019 0:00,63.86,1115075.867,FALSE
410,9/12/2019 0:00,63.17291667,1094665.798,FALSE
411,9/13/2019 0:00,61.8525,1079265.49,FALSE
412,9/14/2019 0:00,67.48125,1064038.555,TRUE
413,9/15/2019 0:00,69.61,1055265.806,TRUE
414,9/16/2019 0:00,73.46875,1125797.533,FALSE
415,9/17/2019 0:00,71.55375,1094418.119,FALSE
416,9/18/2019 0:00,63.62083333,1079682.792,FALSE
417,9/19/2019 0:00,66.52375,1104836.92,FALSE
418,9/20/2019 0:00,68.645,1121677.438,FALSE
419,9/21/2019 0:00,61.67375,1105311.467,TRUE
420,9/22/2019 0:00,56.49333333,1014067.183,TRUE
421,9/23/2019 0:00,62.1475,1065617.592,FALSE
422,9/24/2019 0:00,68.69416667,1078829.952,FALSE
423,9/25/2019 0:00,63.97166667,1072573.972,FALSE
424,9/26/2019 0:00,61.21083333,1072814.485,FALSE
425,9/27/2019 0:00,58.28083333,1096618.803,FALSE
426,9/28/2019 0:00,55.50625,1093831.231,TRUE
427,9/29/2019 0:00,63.12666667,1101228.922,TRUE
428,9/30/2019 0:00,58.0125,1097575.57,FALSE
429,10/1/2019 0:00,47.6775,1059284.491,FALSE
430,10/2/2019 0:00,45.98583333,1055308.963,FALSE
431,10/3/2019 0:00,49.37708333,1073626.17,FALSE
432,10/4/2019 0:00,53.34791667,1079202.051,FALSE
433,10/5/2019 0:00,55.905,998076.5948,TRUE
434,10/6/2019 0:00,51.34458333,977199.9064,TRUE
435,10/7/2019 0:00,50.86333333,1084600.632,FALSE
436,10/8/2019 0:00,56.07916667,1105411.73,FALSE
437,10/9/2019 0:00,51.5575,1092166.245,FALSE
438,10/10/2019 0:00,26.43791667,1066522.126,FALSE
439,10/11/2019 0:00,33.27625,1063026.744,FALSE
440,10/12/2019 0:00,42.68666667,1017678.171,TRUE
441,10/13/2019 0:00,49.82125,1009999.075,TRUE
442,10/14/2019 0:00,55.37166667,1021123.128,FALSE
443,10/15/2019 0:00,46.44333333,1051384.081,FALSE
444,10/16/2019 0:00,51.95666667,1075129.723,FALSE
445,10/17/2019 0:00,56.50125,1076637.984,FALSE
446,10/18/2019 0:00,53.6675,1070924.848,FALSE
447,10/19/2019 0:00,49.53291667,1040705.923,TRUE
448,10/20/2019 0:00,44.26708333,1009201.236,TRUE
449,10/21/2019 0:00,43.1025,1015107.379,FALSE
450,10/22/2019 0:00,48.28291667,1052197.232,FALSE
451,10/23/2019 0:00,44.39875,1067224.609,FALSE
452,10/24/2019 0:00,35.54,1055465.248,FALSE
453,10/25/2019 0:00,42.27791667,1057721.308,FALSE
454,10/26/2019 0:00,47.67625,1005168.484,TRUE
455,10/27/2019 0:00,23.56666667,979372.9273,TRUE
456,10/28/2019 0:00,20.25125,1048165.257,FALSE
457,10/29/2019 0:00,13.18125,990428.7204,FALSE
458,10/30/2019 0:00,13.3925,1019891.445,FALSE
459,10/31/2019 0:00,25.28166667,1032026.705,FALSE
460,11/1/2019 0:00,33.02958333,1055268.118,FALSE
461,11/2/2019 0:00,32.54625,1037954.338,TRUE
462,11/3/2019 0:00,43.155,1056797.302,TRUE
463,11/4/2019 0:00,40.56,1119539.019,FALSE
464,11/5/2019 0:00,40.84,1245885.026,FALSE
465,11/6/2019 0:00,34.06708333,1236847.613,FALSE
466,11/7/2019 0:00,32.00166667,1238996.687,FALSE
467,11/8/2019 0:00,45.97458333,1221078.557,FALSE
468,11/9/2019 0:00,52.00875,1184642.277,TRUE
469,11/10/2019 0:00,44.49125,1164809.997,TRUE
470,11/11/2019 0:00,16.62375,1201824.238,FALSE
471,11/12/2019 0:00,32.83083333,1223587.697,FALSE
472,11/13/2019 0:00,47.76625,1202890.73,FALSE
473,11/14/2019 0:00,39.21125,1207161.418,FALSE
474,11/15/2019 0:00,44.13375,1156337.972,FALSE
475,11/16/2019 0:00,47.31791667,1087842.966,TRUE
476,11/17/2019 0:00,41.02208333,1060365.94,TRUE
477,11/18/2019 0:00,53.03,1140830.604,FALSE
478,11/19/2019 0:00,44.79833333,1158775.346,FALSE
479,11/20/2019 0:00,40.71958333,1167015.207,FALSE
480,11/21/2019 0:00,27.07708333,1146655.11,FALSE
481,11/22/2019 0:00,29.48083333,1133844.82,FALSE
482,11/23/2019 0:00,39.65916667,1071177.805,TRUE
483,11/24/2019 0:00,44.55375,1078610.517,TRUE
484,11/25/2019 0:00,33.37416667,1093017.451,FALSE
485,11/26/2019 0:00,20.74125,970690.4778,FALSE
486,11/27/2019 0:00,8.919583333,986378.9638,FALSE
487,11/28/2019 0:00,19.77166667,897826.0104,FALSE
488,11/29/2019 0:00,25.01208333,886537.7302,FALSE
489,11/30/2019 0:00,30.44916667,966548.7614,TRUE
490,12/1/2019 0:00,19.99166667,1108197.896,TRUE
491,12/2/2019 0:00,31.18041667,1180411.091,FALSE
492,12/3/2019 0:00,38.92958333,1191334.382,FALSE
493,12/4/2019 0:00,33.6275,1211812.6,FALSE
494,12/5/2019 0:00,34.88333333,1221967.404,FALSE
495,12/6/2019 0:00,31.24875,1220591.722,FALSE
496,12/7/2019 0:00,35.955,1152982.095,TRUE
497,12/8/2019 0:00,39.85583333,1131721.896,TRUE
498,12/9/2019 0:00,29.96666667,1192210.834,FALSE
499,12/10/2019 0:00,28.35125,1228733.297,FALSE
500,12/11/2019 0:00,31.14166667,1220760.555,FALSE
501,12/12/2019 0:00,35.78083333,1226293.207,FALSE
502,12/13/2019 0:00,36.70166667,1221834.712,FALSE
503,12/14/2019 0:00,27.8075,1160006.084,TRUE
504,12/15/2019 0:00,23.10125,1146019.788,TRUE
505,12/16/2019 0:00,21.29916667,1228684.847,FALSE
506,12/17/2019 0:00,22.6425,1244388.178,FALSE
507,12/18/2019 0:00,28.83375,1217842.463,FALSE
508,12/19/2019 0:00,31.40458333,1205611.854,FALSE
509,12/20/2019 0:00,32.04875,1221182.092,FALSE
510,12/21/2019 0:00,34.60833333,1126907.436,TRUE
511,12/22/2019 0:00,38.68333333,1102978.242,TRUE
512,12/23/2019 0:00,40.69541667,1111722.408,FALSE
513,12/24/2019 0:00,40.925,1035283.574,FALSE
514,12/25/2019 0:00,36.96666667,994803.918,FALSE
515,12/26/2019 0:00,31.54,1093617.43,FALSE
516,12/27/2019 0:00,28.28083333,1129141.065,FALSE
517,12/28/2019 0:00,26.7275,1111414.313,TRUE
518,12/29/2019 0:00,26.32375,1111362.773,TRUE
519,12/30/2019 0:00,21.5425,1145737.39,FALSE
520,12/31/2019 0:00,24.46791667,1127131.188,FALSE
521,1/1/2020 0:00,37.86083333,1074622.819,FALSE
522,1/2/2020 0:00,39.68875,1138845.037,FALSE
523,1/3/2020 0:00,31.72,1161046.117,FALSE
524,1/4/2020 0:00,37.94541667,1108861.482,TRUE
525,1/5/2020 0:00,35.45791667,1105833.73,TRUE
526,1/6/2020 0:00,36.675,1173461.487,FALSE
527,1/7/2020 0:00,43.14916667,1195444.13,FALSE
528,1/8/2020 0:00,38.56875,1195583.701,FALSE
529,1/9/2020 0:00,35.39333333,1198311.779,FALSE
530,1/10/2020 0:00,26.29875,1212921.824,FALSE
531,1/11/2020 0:00,24.78041667,1149603.244,TRUE
532,1/12/2020 0:00,30.24083333,1126670.523,TRUE
533,1/13/2020 0:00,29.60666667,1183233.579,FALSE
534,1/14/2020 0:00,34.24791667,1202903.288,FALSE
535,1/15/2020 0:00,32.23791667,1189966.595,FALSE
536,1/16/2020 0:00,24.94041667,1204832.299,FALSE
537,1/17/2020 0:00,33.14583333,1211969.196,FALSE
538,1/18/2020 0:00,28.76291667,1130231.802,TRUE
539,1/19/2020 0:00,29.20083333,1134028.078,TRUE
540,1/20/2020 0:00,30.70791667,1177819.157,FALSE
541,1/21/2020 0:00,37.04083333,1223522.167,FALSE
542,1/22/2020 0:00,42.89083333,1244161.855,FALSE
543,1/23/2020 0:00,37.08083333,1237231.224,FALSE
544,1/24/2020 0:00,35.35625,1230698.313,FALSE
545,1/25/2020 0:00,40.55666667,1158239.365,TRUE
546,1/26/2020 0:00,39.66875,1134574.189,TRUE
547,1/27/2020 0:00,36.54583333,1218862.217,FALSE
548,1/28/2020 0:00,37.44208333,1216515.746,FALSE
549,1/29/2020 0:00,34.04458333,1197316.652,FALSE
550,1/30/2020 0:00,30.41291667,1203702.768,FALSE
551,1/31/2020 0:00,38.1525,1195761.844,FALSE
552,2/1/2020 0:00,47.31208333,1136577.683,TRUE
553,2/2/2020 0:00,51.625,1118315.839,TRUE
554,2/3/2020 0:00,22.43333333,1186638.949,FALSE
555,2/4/2020 0:00,13.64083333,1225572.624,FALSE
556,2/5/2020 0:00,12.63416667,1206843.181,FALSE
557,2/6/2020 0:00,25.06958333,1200005.245,FALSE
558,2/7/2020 0:00,28.09583333,1185496.423,FALSE
559,2/8/2020 0:00,31.34166667,1116377.012,TRUE
560,2/9/2020 0:00,28.2075,1110188.915,TRUE
561,2/10/2020 0:00,23.22,1182126.221,FALSE
562,2/11/2020 0:00,21.3025,1223112.118,FALSE
563,2/12/2020 0:00,29.49333333,1221011.18,FALSE
564,2/13/2020 0:00,19.72458333,1209407.478,FALSE
565,2/14/2020 0:00,29.71666667,1209047.459,FALSE
566,2/15/2020 0:00,31.67791667,1150662.001,TRUE
567,2/16/2020 0:00,34.41125,1113447.326,TRUE
568,2/17/2020 0:00,35.62291667,1179357.196,FALSE
569,2/18/2020 0:00,26.15625,1221040.268,FALSE
570,2/19/2020 0:00,22.85416667,1229411.415,FALSE
571,2/20/2020 0:00,18.53375,1228619.571,FALSE
572,2/21/2020 0:00,30.79833333,1211826.262,FALSE
573,2/22/2020 0:00,41.18625,1136036.379,TRUE
574,2/23/2020 0:00,40.37458333,1114683.263,TRUE
575,2/24/2020 0:00,32.89416667,1204288.828,FALSE
576,2/25/2020 0:00,25.47166667,1224941.981,FALSE
577,2/26/2020 0:00,25.44375,1215398.418,FALSE
578,2/27/2020 0:00,40.54166667,1218337.035,FALSE
579,2/28/2020 0:00,40.18041667,1208223.271,FALSE
580,2/29/2020 0:00,39.94375,1163611.72,TRUE
581,3/1/2020 0:00,33.9275,1135864.707,TRUE
582,3/2/2020 0:00,32.65,1202434.155,FALSE
583,3/3/2020 0:00,40.92791667,1221635.523,FALSE
584,3/4/2020 0:00,44.09875,1205721.565,FALSE
585,3/5/2020 0:00,40.10791667,1225584.153,FALSE
586,3/6/2020 0:00,44.25916667,1237965.28,FALSE
587,3/7/2020 0:00,50.99208333,1160356.368,TRUE
588,3/8/2020 0:00,50.37434783,1095682.133,TRUE
589,3/9/2020 0:00,46.07916667,1212897.277,FALSE
590,3/10/2020 0:00,46.51208333,1240571.045,FALSE
591,3/11/2020 0:00,48.03583333,1237811.182,FALSE
592,3/12/2020 0:00,41.11833333,1214002.723,FALSE
593,3/13/2020 0:00,32.79916667,1212416.085,FALSE
594,3/14/2020 0:00,32.0675,1155205.171,TRUE
595,3/15/2020 0:00,38.85291667,1117238.402,TRUE
596,3/16/2020 0:00,40.53166667,1180735.588,FALSE
597,3/17/2020 0:00,40.9025,1184940.806,FALSE
598,3/18/2020 0:00,45.47625,1167731.609,FALSE
599,3/19/2020 0:00,35.25708333,1192713.165,FALSE
600,3/20/2020 0:00,21.90791667,1182328.38,FALSE
601,3/21/2020 0:00,30.22083333,1132467.649,TRUE
602,3/22/2020 0:00,40.34375,1116651.165,TRUE
603,3/23/2020 0:00,42.90083333,1149369.249,FALSE
604,3/24/2020 0:00,48.61416667,1166203.992,FALSE
605,3/25/2020 0:00,53.23625,1157472.66,FALSE
606,3/26/2020 0:00,44.2825,1153091.563,FALSE
607,3/27/2020 0:00,38.01791667,1172651.038,FALSE
608,3/28/2020 0:00,41.9375,1135671.429,TRUE
609,3/29/2020 0:00,41.94958333,1102117.972,TRUE
610,3/30/2020 0:00,46.5,1147495.795,FALSE
611,3/31/2020 0:00,50.23208333,1173024.128,FALSE
612,4/1/2020 0:00,50.23208333,1166749.612,FALSE
613,4/2/2020 0:00,52.12791667,1155148.125,FALSE
614,4/3/2020 0:00,26.90583333,1164570.463,FALSE
615,4/4/2020 0:00,28.78333333,1123664.61,TRUE
616,4/5/2020 0:00,41.13125,1109629.151,TRUE
617,4/6/2020 0:00,50.72416667,1176139.527,FALSE
618,4/7/2020 0:00,55.41541667,1182234.949,FALSE
619,4/8/2020 0:00,56.9525,1158161.486,FALSE
620,4/9/2020 0:00,55.71375,1147417.413,FALSE
621,4/10/2020 0:00,46.09958333,1162711.874,FALSE
622,4/11/2020 0:00,54.95208333,1111826.707,TRUE
623,4/12/2020 0:00,56.66708333,1103045.89,TRUE
624,4/13/2020 0:00,25.34458333,1161187.231,FALSE
625,4/14/2020 0:00,22.19625,1164052.332,FALSE
626,4/15/2020 0:00,32.11625,1129318.924,FALSE
627,4/16/2020 0:00,38.34541667,1139760.962,FALSE
628,4/17/2020 0:00,27.02625,1140313.03,FALSE
629,4/18/2020 0:00,25.63208333,1099106.793,TRUE
630,4/19/2020 0:00,38.3875,1084082.388,TRUE
631,4/20/2020 0:00,43.90833333,1147664.187,FALSE
632,4/21/2020 0:00,50.63583333,1159869.364,FALSE
633,4/22/2020 0:00,54.35041667,1158435.865,FALSE
634,4/23/2020 0:00,56.40125,1159755.937,FALSE
635,4/24/2020 0:00,56.32916667,1141610.996,FALSE
636,4/25/2020 0:00,50.77125,1106421.656,TRUE
637,4/26/2020 0:00,51.70708333,1105837.894,TRUE
638,4/27/2020 0:00,56.27041667,1148685.767,FALSE
639,4/28/2020 0:00,61.93958333,1164788.309,FALSE
